resi	pos	count	mean_exp_score
T883	883	19	1.0731292272760349
S884	884	19	0.8988590519325336
G885	885	19	0.9561003226435804
W886	886	19	1.298748355388391
T887	887	19	0.9624775828727652
F888	888	19	1.233987950635663
G889	889	19	1.0323611448890686
A890	890	19	0.8831413033052696
G891	891	19	0.8237472446847675
A892	892	19	1.6267169975836373
A893	893	19	1.0408454842649502
L894	894	19	1.156596940338436
Q895	895	19	1.085357298875008
I896	896	19	1.0106083886121915
P897	897	19	0.727581254404768
F898	898	19	0.39075040534151373
A899	899	19	0.888849024225341
M900	900	19	1.1580321952564063
Q901	901	19	1.060322924752042
M902	902	19	1.0369216466960005
A903	903	19	0.5565174400065022
Y904	904	19	1.1745557080440479
R905	905	19	0.7124893797228505
F906	906	19	0.5201287000921236
N907	907	19	1.11440574929641
G908	908	19	1.0536051585478752
I909	909	19	0.6096372670948041
G910	910	19	0.7523082725628052
V911	911	19	0.9394341063518766
T912	912	19	0.8098502280857212
Q913	913	19	0.9244040872770484
N914	914	19	0.5589426423428464
V915	915	19	0.6304422626674101
L916	916	19	0.7271552579769299
Y917	917	19	0.9411155459203916
E918	918	19	0.9948768733548063
N919	919	19	0.7817450046417667
Q920	920	19	0.8703676994664493
K921	921	19	0.8507486627871328
L922	922	19	1.2309914089689846
I923	923	19	0.7380823411379488
A924	924	19	0.7361559881107723
N925	925	19	0.9491537156392413
Q926	926	19	0.8279455869302531
F927	927	19	0.7245547645697965
N928	928	19	0.7856329143305745
S929	929	19	0.8884765122788408
A930	930	19	0.3960611374884446
I931	931	19	0.8165053883552064
G932	932	19	1.3367435980841853
K933	933	19	0.9617952660900496
I934	934	19	0.8197442532824595
Q935	935	19	1.578879571232437
D936	936	19	0.7826050033662113
S937	937	19	1.0781402539042704
L938	938	19	0.8058347899648447
S939	939	18	1.0467198523962982
S940	940	19	1.0795956916191536
T941	941	18	1.4137034830374506
A942	942	19	1.179955340569686
S943	943	19	1.0196718967326843
A944	944	19	1.1120620462776223
L945	945	19	0.8368954698087421
G946	946	19	0.927309101767846
K947	947	19	0.8548433209542461
L948	948	19	0.6580608102705733
Q949	949	19	1.0267946890507973
D950	950	19	0.6970585599131025
V951	951	19	0.5670486018877616
V952	952	19	0.876023013541371
N953	953	19	0.8571905937781092
Q954	954	19	0.9200580709119135
N955	955	19	0.8016614794851561
A956	956	19	0.9162900088956464
Q957	957	19	0.834712083647406
A958	958	19	0.6485918249028834
L959	959	19	0.7924834134175229
N960	960	19	1.2814166171925816
T961	961	19	0.9538226975846432
L962	962	19	0.7813317069501096
V963	963	19	0.8504097723465148
K964	964	19	1.1210791130643238
Q965	965	19	0.623057927051022
L966	966	19	0.6067677942727436
S967	967	19	0.7336523072224207
S968	968	19	1.007685329945843
N969	969	19	0.8358009573821479
F970	970	19	0.6389268765472774
G971	971	19	0.47084529319153745
A972	972	19	0.5366929019927483
I973	973	19	0.6812856181439757
S974	974	19	0.8914416363756141
S975	975	19	0.8721643715801397
V976	976	19	1.3420023369293486
L977	977	19	0.8199827912032297
N978	978	19	0.9649295930353227
D979	979	19	0.6223373175862289
I980	980	19	0.7077637859643079
L981	981	19	0.8449343866238849
S982	982	19	1.0411570790742337
R983	983	19	1.1403837725524557
L984	984	19	1.0452893172640274
D985	985	19	0.9736498061297624
K986	986	19	1.2154167788402115
V987	987	19	1.3436516598324206
E988	988	19	0.8569139663105574
A989	989	19	0.6489491906446595
E990	990	19	1.3524718506909925
V991	991	19	1.049476600595357
Q992	992	19	0.5017558000522125
I993	993	19	0.7047424591777434
D994	994	19	1.022349384534744
R995	995	19	1.173547377744257
L996	996	19	0.7085878243482707
I997	997	19	0.6732152603516665
T998	998	19	1.0716780840667328
G999	999	19	0.9281744845302086
R1000	1000	19	0.8248415643097401
L1001	1001	19	0.8440617951224754
Q1002	1002	19	1.1012482343642767
S1003	1003	19	0.6553721793377324
L1004	1004	19	0.742935306948461
Q1005	1005	19	0.7535164124992866
T1006	1006	19	1.2525850187719438
Y1007	1007	19	0.7120908249916506
V1008	1008	19	0.7071588928370738
T1009	1009	19	1.1760088416260759
Q1010	1010	19	1.10279307106219
Q1011	1011	19	0.9810597716573557
L1012	1012	19	0.84412003615881
I1013	1013	19	1.2730096837241256
R1014	1014	19	0.8744436264836322
A1015	1015	19	0.3959656647777828
A1016	1016	19	0.6599522934541694
E1017	1017	19	0.8766709357548452
I1018	1018	19	1.1327855452215214
R1019	1019	19	0.6514296849024155
A1020	1020	19	0.7250685137397983
S1021	1021	19	0.7800531017762993
A1022	1022	19	0.6261415958237581
N1023	1023	19	0.961431205937281
L1024	1024	19	0.9513734741722066
A1025	1025	19	0.630226496180578
A1026	1026	19	1.2261828879260694
T1027	1027	19	0.9535861074539099
K1028	1028	19	0.6638442284977423
M1029	1029	19	0.6014171501148037
S1030	1030	19	0.6771795115391296
E1031	1031	19	0.8108503311692158
C1032	1032	19	0.6789338682213053
V1033	1033	19	0.5583894612990272
L1034	1034	19	0.9689091887482468
