resi	pos	count	mean_fus_score
T883	883	19	0.9115498087171517
S884	884	19	1.0350647773602066
G885	885	19	0.8699879847147053
W886	886	19	1.1399266661345067
T887	887	19	0.9421800382289798
F888	888	19	0.8734550898665584
G889	889	19	1.0037847777700761
A890	890	19	0.9479161272335529
G891	891	19	0.7109231730959572
A892	892	19	1.1562423982664078
A893	893	19	1.0067444246598427
L894	894	19	0.9643333723165556
Q895	895	19	0.9819674213572613
I896	896	19	0.6200825101327782
P897	897	19	0.7075121333720971
F898	898	19	0.4801988458819933
A899	899	19	0.6938206720647211
M900	900	19	0.7914276245621138
Q901	901	19	1.08538723164235
M902	902	19	1.0503519238458459
A903	903	19	0.4936311504273629
Y904	904	19	0.9731616471260136
R905	905	19	0.6026828997955332
F906	906	19	0.4738845751023684
N907	907	19	0.9165681559367652
G908	908	19	0.941224744798263
I909	909	19	0.5566819607811856
G910	910	19	0.693356790883815
V911	911	19	0.7624003669559817
T912	912	19	0.9614203370768145
Q913	913	19	0.9541782478379893
N914	914	19	0.8296753666608275
V915	915	19	0.6767589639330547
L916	916	19	0.6758851599796862
Y917	917	19	0.7084354533838362
E918	918	19	1.1109763226352698
N919	919	19	0.6892591508344944
Q920	920	19	0.7814386921106267
K921	921	19	0.7939089341656407
L922	922	19	1.2189456409379442
I923	923	19	0.5916111371204388
A924	924	19	0.852363592665544
N925	925	19	0.9704276686966168
Q926	926	19	0.7805327696396391
F927	927	19	0.7290555142183062
N928	928	19	0.7854399643730572
S929	929	19	0.7636307037048405
A930	930	19	0.4734685299121483
I931	931	19	0.9478729045426154
G932	932	19	1.3794239454456485
K933	933	19	0.7845925012827198
I934	934	19	0.5530777324982031
Q935	935	19	1.5301976390287866
D936	936	19	0.6138594991161049
S937	937	19	1.051074139988732
L938	938	19	0.5235274206071129
S939	939	18	1.0376985103175262
S940	940	19	0.901217480963198
T941	941	18	1.1593766657622138
A942	942	19	1.1504184635346626
S943	943	19	0.9063637357614068
A944	944	19	1.0437037302174064
L945	945	19	0.8001710962982267
G946	946	19	0.8816478073426677
K947	947	19	0.7791103725784778
L948	948	19	0.7353537288605996
Q949	949	19	0.8422060855752764
D950	950	19	0.6829087476666322
V951	951	19	0.6976174458098379
V952	952	19	0.7560147585394684
N953	953	19	0.7808704687676379
Q954	954	19	0.7508479389390804
N955	955	19	0.7050583473441306
A956	956	19	0.9068422316346441
Q957	957	19	0.7424932425640358
A958	958	19	0.5945296529473384
L959	959	19	0.8668511997032022
N960	960	19	1.3306557604023237
T961	961	19	0.9014072136197216
L962	962	19	0.6220049942302632
V963	963	19	0.9408959058792205
K964	964	19	0.9760800135201535
Q965	965	19	0.8328652139314549
L966	966	19	0.44796195309788855
S967	967	19	0.8105414533338177
S968	968	19	0.7767935956335934
N969	969	19	0.4861704085386986
F970	970	19	0.6559305549371737
G971	971	19	0.4770433557080159
A972	972	19	0.7686992127390939
I973	973	19	0.5194073215711158
S974	974	19	0.8631164226809012
S975	975	19	0.6774821858038765
V976	976	19	1.1112271146154316
L977	977	19	0.6288480434388916
N978	978	19	0.7926483523920055
D979	979	19	0.5346078156743044
I980	980	19	0.6121216800711532
L981	981	19	0.9988086894400576
S982	982	19	1.005385530698267
R983	983	19	0.7463370930756167
L984	984	19	0.7450761692875831
D985	985	19	0.8795458236467488
K986	986	19	0.702835863047779
V987	987	19	0.881550649595812
E988	988	19	0.6304885540208505
A989	989	19	0.5568201905047633
E990	990	19	1.1964930468755945
V991	991	19	0.7951096914903129
Q992	992	19	0.37328516959118313
I993	993	19	0.5336553844133697
D994	994	19	0.40204921606801686
R995	995	19	0.6356653749218287
L996	996	19	0.367121349145919
I997	997	19	0.9577360621911722
T998	998	19	0.6949220320316062
G999	999	19	0.8286773455026006
R1000	1000	19	0.7972323847250093
L1001	1001	19	0.889837201920065
Q1002	1002	19	0.9630554718773258
S1003	1003	19	0.6191714521299977
L1004	1004	19	0.572520565403328
Q1005	1005	19	0.4715423131564818
T1006	1006	19	1.0708236591535774
Y1007	1007	19	0.9904761010517328
V1008	1008	19	0.829095203605178
T1009	1009	19	1.2516337266667503
Q1010	1010	19	0.8757400810468458
Q1011	1011	19	0.8165118578068801
L1012	1012	19	0.7680937416030775
I1013	1013	19	1.198430484360005
R1014	1014	19	0.8304836904945487
A1015	1015	19	0.337075169412421
A1016	1016	19	0.4699911874785413
E1017	1017	19	0.8011500213154107
I1018	1018	19	0.68948390927531
R1019	1019	19	0.5133422030970047
A1020	1020	19	0.6456473673085987
S1021	1021	19	0.49222114894855445
A1022	1022	19	0.5736468329098104
N1023	1023	19	1.08789325960591
L1024	1024	19	1.0235992521312418
A1025	1025	19	0.5043124182451431
A1026	1026	19	0.8303265792628165
T1027	1027	19	1.0708740024088883
K1028	1028	19	0.5476276469304396
M1029	1029	19	0.5680378513218836
S1030	1030	19	0.6439901265359834
E1031	1031	19	0.5489611015452246
C1032	1032	19	0.7372912495450098
V1033	1033	19	0.6652729966542527
L1034	1034	19	1.053954656972989
